<?xml version="1.0"?>

<cfsMaterialDataBase xmlns="http://www.cfs++.org" xmlns:xsi="http://www.w3.org/2001/XMLSchema-instance" xsi:schemaLocation="http://www.cfs++.org http://cfs-doc.mdmt.tuwien.ac.at/xml/CFS-Material/CFS_Material.xsd">
  <material name="iso">
  <mechanical>
       <!-- Data obtained from : "http://www.matweb.com"
             Reference(s) : "www.matweb.com"
             Remarks : "Alluminium Alloy" -->
        <density> 2700 </density>
        <elasticity>
          <isotropic>
            <real>
              <elasticityModulus> 70e9 </elasticityModulus>
              <poissonNumber> 0.3 </poissonNumber>
            </real>
          </isotropic>
        </elasticity>
      </mechanical>
  </material>
</cfsMaterialDataBase>
