<?xml version="1.0"?>

<cfsSimulation xmlns="http://www.cfs++.org" xmlns:xsi="http://www.w3.org/2001/XMLSchema-instance" xsi:schemaLocation="http://www.cfs++.org http://cfs-doc.mdmt.tuwien.ac.at/xml/CFS-Simulation/CFS.xsd">
  
  <documentation>
    <title>Pressure Loaded 3D Plate</title>
    <authors>
      <author> ahauck </author>
    </authors>
    <date>2012-03-10</date>
    <keywords>
      <keyword>mechanic</keyword>
      <keyword>p-FEM-Legendre</keyword>
    </keywords>
    <references>
      Duester, A. et al., The p-version of the finite element method for
      threee-dimensional curved thin walled structures,
      Int. J. Meth. Engng, 2001, vol 52. p. 673-703
    </references>
    <isVerified>yes</isVerified>
    <description>
    </description>
  </documentation>
  
  
  <fileFormats>
    <input>
      <gmsh fileName="plate.msh"/>
    </input>
    <output>
      <hdf5/>
    </output>
    <materialData file="mat.xml"/>
  </fileFormats>
  
  <domain geometryType="3d">
    <regionList>
      <region name="V_plate" material="iso"/>
    </regionList>
    <nodeList>
      <nodes name="top"/>
      <nodes name="bot"/>
    </nodeList>
  </domain>
  
  <!--fePolynomialList>
    <Legendre id="default">
      <isoOrder>3</isoOrder>
    </Legendre>
  </fePolynomialList-->
  
  <sequenceStep>
    <analysis>
      <eigenFrequency>
        <isQuadratic>no</isQuadratic>
        <numModes>9</numModes>
        <freqShift>10</freqShift>
        <writeModes>yes</writeModes>
      </eigenFrequency>
      <!--static/-->
    </analysis>
    
    <pdeList>
      <mechanic subType="3d"> 
        <regionList>
          <region name="V_plate"/>
        </regionList>
        <bcsAndLoads>
          
          <!-- Appply pressure in z-direction -->
          <pressure name="S_mid" value="-100" /> 
          
          <!--fix name="L_edge">
            <comp dof="x"/>
            <comp dof="y"/>
            <comp dof="z"/>
          </fix-->
        </bcsAndLoads>
        <storeResults>
          
          <!-- print stress-distribution across thicknes z-direction at
            (9,9) -->          
          <!--<sensorArray fileName="stress.txt" type="mechStress">
            <parametric>
            <list comp="x" start="9" stop="9" inc="0"/>
            <list comp="y" start="9" stop="9" inc="0"/>
            <list comp="z" start="0" stop="0.35" inc="0.02"/>
            </parametric>
          </sensorArray>-->
          <nodeResult type="mechDisplacement">
            <allRegions/>
          </nodeResult>
          <regionResult type="mechTotalEnergy">
            <allRegions/>
          </regionResult>
          <elemResult type="mechStress">
            <allRegions/>
          </elemResult>
          <surfElemResult type="mechNormalStress">
            <surfRegionList>
              <surfRegion name="S_mid"/>
            </surfRegionList>
          </surfElemResult>
        </storeResults>
      </mechanic>
    </pdeList>
    
    <linearSystems>
      <system>
        <solutionStrategy >
          <standard>
            <!--setup staticCondensation="yes"/-->
            <setup calcConditionNumber="yes" idbcHandling="elimination"/>
            <exportLinSys format="matrix-market" mass="true" stiffness="true" damping="true" baseName="test"/>
            <matrix reordering="noReordering"/>
            <solver id="ap"/>
          </standard>
        </solutionStrategy>
        <eigenSolverList>
          <arpack id="ap">
            <logging>true</logging>
          </arpack>
        </eigenSolverList>
      </system>
    </linearSystems>
  </sequenceStep>
  
</cfsSimulation>
